scene,variant,param,value,default,hit_rate,hits,n_pos,error_median_m,ambiguous_rate,neg_fp_rate
backroom,L-C,threshold,0.5,False,0.692,9,13,0.26,0.077,0.667
backroom,L-C,threshold,0.525,False,0.692,9,13,0.23,0.0,0.333
backroom,L-C,threshold,0.55,True,0.615,8,13,0.188,0.077,0.333
backroom,L-C,threshold,0.575,False,0.538,7,13,0.138,0.0,0.333
backroom,L-C,threshold,0.6,False,0.538,7,13,0.164,0.0,0.333
backroom,L-C,rel_alpha,0.0,False,0.615,8,13,0.183,0.231,0.333
backroom,L-C,rel_alpha,0.25,False,0.615,8,13,0.185,0.154,0.333
backroom,L-C,rel_alpha,0.5,True,0.615,8,13,0.188,0.077,0.333
backroom,L-C,rel_alpha,0.75,False,0.615,8,13,0.207,0.0,0.333
backroom,L-C,voxel,0.05,False,0.615,8,13,0.188,0.0,0.333
backroom,L-C,voxel,0.1,True,0.615,8,13,0.188,0.077,0.333
backroom,L-C,voxel,0.2,False,0.615,8,13,0.188,0.0,0.333
backroom,L-C,voxel,0.3,False,0.615,8,13,0.188,0.077,0.333
flightroom,L-C,threshold,0.5,False,0.75,12,16,0.263,0.062,0.667
flightroom,L-C,threshold,0.525,False,0.688,11,16,0.216,0.062,0.333
flightroom,L-C,threshold,0.55,True,0.625,10,16,0.217,0.062,0.333
flightroom,L-C,threshold,0.575,False,0.625,10,16,0.238,0.0,0.0
flightroom,L-C,threshold,0.6,False,0.562,9,16,0.198,0.0,0.0
flightroom,L-C,rel_alpha,0.0,False,0.625,10,16,0.182,0.062,0.333
flightroom,L-C,rel_alpha,0.25,False,0.625,10,16,0.2,0.062,0.333
flightroom,L-C,rel_alpha,0.5,True,0.625,10,16,0.217,0.062,0.333
flightroom,L-C,rel_alpha,0.75,False,0.625,10,16,0.253,0.0,0.333
flightroom,L-C,voxel,0.05,False,0.625,10,16,0.21,0.062,0.333
flightroom,L-C,voxel,0.1,True,0.625,10,16,0.217,0.062,0.333
flightroom,L-C,voxel,0.2,False,0.625,10,16,0.196,0.062,0.333
flightroom,L-C,voxel,0.3,False,0.688,11,16,0.205,0.062,0.333
