scene,query,negative,Old/L-C,Old/L-CD,Old/F-C,Old/F-CD,A/L-C,A/L-CD,A/F-C,A/F-CD,B/L-C,B/L-CD,B/F-C,B/F-CD,B2/L-C,B2/L-CD,B2/F-C,B2/F-CD,B2/L-Cflat,B2/F-Cflat,C/L-C,C/L-CD,C/F-C,C/F-CD,C2/L-C,C2/L-CD,C2/F-C,C2/F-CD
backroom,recycling bin,False,Y,Y,Y,Y,Y,Y,Y,Y,Y,Y,Y,Y,Y,Y,Y,Y,Y,Y,Y,Y,Y,Y,Y,Y,Y,Y
backroom,blue trash can,False,Y,Y,Y,Y,Y,Y,Y,Y,Y,Y,Y,Y,Y,Y,Y,Y,Y,Y,Y,Y,Y,Y,Y,Y,Y,Y
backroom,office chair,False,Y,Y,bad position,Y,Y,Y,bad position,bad position,no candidate,no candidate,no candidate,no candidate,Y,Y,no candidate,no candidate,Y,no candidate,no candidate,no candidate,no candidate,no candidate,no candidate,no candidate,no candidate,no candidate
backroom,swivel chair,False,no candidate,no candidate,bad position,no candidate,bad position,Y,bad position,no candidate,no candidate,no candidate,no candidate,no candidate,no candidate,no candidate,no candidate,no candidate,no candidate,no candidate,no candidate,no candidate,no candidate,no candidate,no candidate,no candidate,no candidate,no candidate
backroom,grandfather clock,False,Y,Y,Y,Y,Y,Y,Y,no candidate,Y,Y,Y,Y,Y,Y,Y,no candidate,Y,Y,Y,Y,no candidate,bad position,Y,Y,no candidate,bad position
backroom,clock,False,Y,Y,Y,no candidate,Y,Y,Y,no candidate,Y,Y,Y,Y,Y,Y,Y,no candidate,Y,Y,Y,Y,no candidate,no candidate,Y,Y,no candidate,no candidate
backroom,children's road play mat,False,Y,Y,Y,Y,Y,Y,Y,wrong object,Y,Y,Y,Y,Y,Y,Y,Y,Y,Y,Y,Y,Y,no candidate,Y,Y,Y,no candidate
backroom,camera tripod,False,no candidate,no candidate,no candidate,no candidate,no candidate,no candidate,no candidate,no candidate,no candidate,no candidate,no candidate,no candidate,no candidate,no candidate,no candidate,no candidate,no candidate,no candidate,no candidate,no candidate,no candidate,no candidate,no candidate,no candidate,no candidate,no candidate
backroom,purple foam mat,False,Y,Y,Y,wrong object,Y,Y,wrong object,wrong object,Y,Y,Y,bad position,Y,Y,wrong object,bad position,Y,bad position,wrong object,wrong object,wrong object,wrong object,wrong object,wrong object,wrong object,wrong object
backroom,white bucket,False,wrong object,wrong object,no candidate,no candidate,wrong object,wrong object,no candidate,no candidate,wrong object,wrong object,wrong object,no candidate,wrong object,wrong object,no candidate,no candidate,wrong object,no candidate,wrong object,wrong object,no candidate,no candidate,wrong object,wrong object,no candidate,no candidate
backroom,glass door cabinet,False,Y,Y,bad position,Y,Y,Y,Y,Y,Y,Y,Y,Y,Y,Y,Y,no candidate,Y,Y,Y,Y,no candidate,wrong object,Y,Y,no candidate,wrong object
backroom,hose reel,False,Y,Y,wrong object,no candidate,wrong object,wrong object,wrong object,wrong object,wrong object,wrong object,wrong object,no candidate,wrong object,Y,wrong object,no candidate,Y,no candidate,Y,Y,no candidate,no candidate,Y,Y,no candidate,no candidate
backroom,moving box,False,Y,Y,Y,Y,Y,Y,Y,Y,Y,Y,Y,wrong object,Y,Y,wrong object,wrong object,Y,Y,Y,Y,Y,Y,Y,Y,Y,Y
backroom,bicycle,True,0.4986,0.4891,0.5538,0.5528,0.5342,0.5172,0.5322,0.5877,0.5006,0.5,0.5083,0.5021,0.4904,0.4739,0.5005,0.5317,0.465,0.4571,0.4395,0.4265,0.4817,0.5542,0.4395,0.4265,0.4817,0.5542
backroom,sofa,True,0.3884,0.3739,0.4334,0.5252,0.4208,0.4114,0.4303,0.4794,0.5138,0.5004,0.5356,0.5032,0.455,0.4254,0.3995,0.4693,0.4029,0.3464,0.4044,0.3943,0.4381,0.5086,0.4044,0.3943,0.4381,0.5086
backroom,ceiling fan,True,0.6573,0.6491,0.6681,0.6862,0.6856,0.6781,0.7012,0.6748,0.5937,0.5771,0.5681,0.5655,0.6572,0.649,0.683,0.667,0.6437,0.66,0.628,0.621,0.6785,0.692,0.628,0.621,0.6785,0.692
flightroom,armchair,False,no candidate,no candidate,no candidate,no candidate,Y,Y,no candidate,no candidate,Y,Y,no candidate,no candidate,Y,Y,no candidate,no candidate,Y,no candidate,no candidate,no candidate,no candidate,no candidate,Y,no candidate,no candidate,no candidate
flightroom,upholstered chair,False,no candidate,no candidate,no candidate,no candidate,Y,Y,no candidate,no candidate,Y,no candidate,no candidate,no candidate,Y,no candidate,no candidate,no candidate,no candidate,no candidate,no candidate,no candidate,no candidate,no candidate,no candidate,no candidate,no candidate,no candidate
flightroom,whiteboard,False,Y,Y,Y,Y,Y,Y,Y,Y,Y,Y,Y,wrong object,Y,Y,Y,Y,Y,Y,Y,Y,Y,Y,Y,Y,Y,Y
flightroom,computer monitor,False,Y,Y,Y,Y,Y,Y,Y,wrong object,Y,no candidate,no candidate,no candidate,Y,Y,Y,no candidate,Y,Y,Y,Y,Y,no candidate,Y,Y,Y,wrong object
flightroom,keyboard,False,no candidate,no candidate,no candidate,no candidate,no candidate,no candidate,no candidate,no candidate,no candidate,no candidate,no candidate,no candidate,no candidate,no candidate,no candidate,no candidate,no candidate,no candidate,no candidate,no candidate,no candidate,no candidate,no candidate,no candidate,no candidate,no candidate
flightroom,floor lamp,False,no candidate,no candidate,wrong object,no candidate,no candidate,no candidate,no candidate,no candidate,no candidate,no candidate,no candidate,no candidate,no candidate,no candidate,no candidate,no candidate,no candidate,no candidate,no candidate,no candidate,no candidate,no candidate,no candidate,no candidate,no candidate,no candidate
flightroom,red cup,False,Y,Y,Y,no candidate,Y,Y,Y,no candidate,Y,Y,no candidate,no candidate,Y,Y,no candidate,no candidate,Y,no candidate,Y,Y,wrong object,no candidate,Y,Y,Y,no candidate
flightroom,water bottle,False,Y,Y,Y,no candidate,Y,Y,no candidate,no candidate,Y,Y,no candidate,no candidate,Y,Y,no candidate,no candidate,Y,no candidate,Y,Y,no candidate,no candidate,Y,Y,Y,no candidate
flightroom,water jug,False,bad position,bad position,wrong object,no candidate,Y,bad position,no candidate,no candidate,Y,Y,no candidate,no candidate,bad position,bad position,no candidate,no candidate,bad position,no candidate,bad position,bad position,no candidate,no candidate,bad position,bad position,no candidate,no candidate
flightroom,round table,False,Y,Y,wrong object,no candidate,Y,Y,Y,no candidate,no candidate,no candidate,no candidate,no candidate,Y,Y,no candidate,no candidate,Y,no candidate,Y,Y,wrong object,no candidate,Y,Y,wrong object,no candidate
flightroom,drone gate,False,wrong object,wrong object,wrong object,no candidate,wrong object,wrong object,wrong object,wrong object,no candidate,no candidate,no candidate,no candidate,wrong object,wrong object,no candidate,no candidate,wrong object,no candidate,no candidate,no candidate,no candidate,no candidate,wrong object,no candidate,no candidate,no candidate
flightroom,PVC pipe frame,False,Y,Y,Y,Y,Y,Y,Y,Y,bad position,bad position,no candidate,no candidate,Y,Y,Y,Y,Y,Y,Y,Y,Y,bad position,Y,Y,Y,Y
flightroom,poster,False,Y,Y,Y,Y,Y,Y,Y,Y,Y,Y,no candidate,bad position,Y,Y,Y,Y,Y,Y,Y,Y,Y,no candidate,Y,Y,Y,bad position
flightroom,garden cart,False,Y,Y,Y,no candidate,Y,Y,Y,no candidate,Y,no candidate,no candidate,no candidate,Y,Y,Y,no candidate,Y,no candidate,Y,Y,no candidate,no candidate,Y,Y,no candidate,no candidate
flightroom,wheelbarrow,False,Y,Y,Y,no candidate,Y,Y,Y,Y,Y,no candidate,no candidate,no candidate,Y,Y,Y,no candidate,Y,no candidate,Y,Y,no candidate,no candidate,Y,Y,no candidate,no candidate
flightroom,cardboard box,False,Y,Y,no candidate,no candidate,Y,Y,no candidate,no candidate,Y,Y,no candidate,no candidate,Y,Y,no candidate,no candidate,Y,no candidate,Y,no candidate,no candidate,no candidate,Y,Y,no candidate,no candidate
flightroom,red tool chest,True,0.5013,0.491,0.5739,0.5306,0.5201,0.5107,0.4989,0.5276,0.473,0.4203,0.5277,0.5164,0.5011,0.4907,0.442,0.4708,0.4525,0.4044,0.4591,0.4473,0.5091,0.5002,0.4591,0.4473,0.5091,0.5002
flightroom,recycling bin,True,0.544,0.5297,0.5332,0.5528,0.5941,0.5628,0.6081,0.5616,0.5122,0.462,0.5261,0.525,0.5655,0.5387,0.5134,0.581,0.5144,0.4648,0.4438,0.4279,0.4585,0.5408,0.4438,0.4279,0.4585,0.5408
flightroom,bicycle,True,0.4768,0.47,0.5093,0.5668,0.5257,0.5134,0.5192,0.559,0.4948,0.446,0.5183,0.5053,0.4657,0.4555,0.4895,0.5352,0.4402,0.4368,0.4581,0.4476,0.4754,0.5476,0.4581,0.4476,0.4754,0.5476
