scene,teachers,variant,hits,n_pos,hit_rate,error_median_m,error_p90_m,ambiguous_rate,feasible_rate,neg_fp_rate,neg_auroc,build_min,peak_vram_gb,table_mb,query_ms_median,failures
backroom,Old,L-C,10,13,0.769,0.188,0.481,0.077,0.8,0.333,0.846,3.0,7.41,923.5,779,"{""no candidate"": 2, ""wrong object"": 1}"
backroom,Old,L-CD,10,13,0.769,0.186,0.543,0.0,0.7,0.333,0.846,3.0,7.41,923.5,808,"{""no candidate"": 2, ""wrong object"": 1}"
backroom,Old,F-C,7,13,0.538,0.264,1.056,0.0,0.714,0.333,0.795,13.9,5.8,966.6,729,"{""bad position"": 3, ""no candidate"": 2, ""wrong object"": 1}"
backroom,Old,F-CD,7,13,0.538,0.197,1.348,0.0,0.714,0.333,0.795,31.4,7.77,1356.5,735,"{""no candidate"": 5, ""wrong object"": 1}"
backroom,A,L-C,9,13,0.692,0.211,1.726,0.077,0.667,0.333,0.872,17.4,0.81,2483.2,2698,"{""bad position"": 1, ""no candidate"": 1, ""wrong object"": 2}"
backroom,A,L-CD,10,13,0.769,0.249,1.707,0.0,0.7,0.333,0.872,17.4,0.81,2483.2,2780,"{""no candidate"": 1, ""wrong object"": 2}"
backroom,A,F-C,7,13,0.538,0.259,2.956,0.077,0.857,0.333,0.846,13.6,5.25,2528.1,2698,"{""bad position"": 2, ""no candidate"": 2, ""wrong object"": 2}"
backroom,A,F-CD,4,13,0.308,0.726,4.809,0.077,0.75,0.667,0.795,30.6,7.78,2918.0,2696,"{""bad position"": 1, ""no candidate"": 5, ""wrong object"": 3}"
backroom,B,L-C,8,13,0.615,0.153,3.309,0.0,0.75,0.333,0.795,2.8,3.62,923.5,717,"{""no candidate"": 3, ""wrong object"": 2}"
backroom,B,L-CD,8,13,0.615,0.16,3.826,0.077,0.75,0.333,0.782,2.8,3.62,923.5,783,"{""no candidate"": 3, ""wrong object"": 2}"
backroom,B,F-C,8,13,0.615,0.263,5.365,0.077,0.75,0.0,0.872,14.0,5.42,966.6,717,"{""no candidate"": 3, ""wrong object"": 2}"
backroom,B,F-CD,6,13,0.462,0.196,2.116,0.077,0.833,0.0,0.872,30.6,7.78,1356.5,712,"{""no candidate"": 5, ""bad position"": 1, ""wrong object"": 1}"
backroom,B2,L-C,9,13,0.692,0.186,3.266,0.154,0.778,0.333,0.872,14.7,0.81,2483.2,2673,"{""no candidate"": 2, ""wrong object"": 2}"
backroom,B2,L-CD,10,13,0.769,0.179,0.533,0.0,0.8,0.333,0.872,14.7,0.81,2483.2,2748,"{""no candidate"": 2, ""wrong object"": 1}"
backroom,B2,F-C,6,13,0.462,0.152,5.801,0.077,1.0,0.333,0.821,13.6,5.25,2528.1,2692,"{""no candidate"": 4, ""wrong object"": 3}"
backroom,B2,F-CD,3,13,0.231,0.084,1.65,0.0,1.0,0.333,0.821,30.3,7.78,2918.0,2690,"{""no candidate"": 8, ""bad position"": 1, ""wrong object"": 1}"
backroom,B2,L-Cflat,10,13,0.769,0.168,0.413,0.077,0.7,0.333,0.872,14.7,0.81,2483.2,712,"{""no candidate"": 2, ""wrong object"": 1}"
backroom,B2,F-Cflat,7,13,0.538,0.136,0.516,0.0,0.857,0.333,0.744,13.6,5.25,2528.1,709,"{""no candidate"": 5, ""bad position"": 1}"
backroom,C,L-C,8,13,0.615,0.166,3.6,0.077,0.875,0.333,0.769,3.7,4.63,1183.4,1056,"{""no candidate"": 3, ""wrong object"": 2}"
backroom,C,L-CD,8,13,0.615,0.202,2.821,0.0,0.875,0.333,0.744,3.7,4.63,1183.4,1131,"{""no candidate"": 3, ""wrong object"": 2}"
backroom,C,F-C,4,13,0.308,0.123,1.342,0.0,0.75,0.0,0.795,21.7,5.99,1226.8,1068,"{""no candidate"": 8, ""wrong object"": 1}"
backroom,C,F-CD,3,13,0.231,0.632,4.1,0.0,0.667,0.333,0.744,43.2,7.78,1616.7,1075,"{""no candidate"": 7, ""bad position"": 1, ""wrong object"": 2}"
backroom,C2,L-C,8,13,0.615,0.162,3.501,0.077,0.875,0.333,0.769,3.7,4.63,1183.4,1450,"{""no candidate"": 3, ""wrong object"": 2}"
backroom,C2,L-CD,8,13,0.615,0.188,2.846,0.077,0.875,0.333,0.744,3.7,4.63,1183.4,1393,"{""no candidate"": 3, ""wrong object"": 2}"
backroom,C2,F-C,4,13,0.308,0.127,1.334,0.0,0.75,0.333,0.795,21.7,5.99,1226.8,1312,"{""no candidate"": 8, ""wrong object"": 1}"
backroom,C2,F-CD,3,13,0.231,0.623,2.448,0.077,0.667,0.333,0.744,43.2,7.78,1616.7,1175,"{""no candidate"": 7, ""bad position"": 1, ""wrong object"": 2}"
flightroom,Old,L-C,10,16,0.625,0.217,0.746,0.062,0.8,0.333,0.896,4.4,2.41,658.7,537,"{""no candidate"": 4, ""bad position"": 1, ""wrong object"": 1}"
flightroom,Old,L-CD,10,16,0.625,0.212,0.756,0.062,0.9,0.0,0.896,4.4,2.41,658.7,587,"{""no candidate"": 4, ""bad position"": 1, ""wrong object"": 1}"
flightroom,Old,F-C,8,16,0.5,0.11,3.583,0.0,0.75,0.0,0.812,11.5,5.06,813.6,538,"{""no candidate"": 4, ""wrong object"": 4}"
flightroom,Old,F-CD,4,16,0.25,0.184,0.561,0.0,1.0,0.0,0.958,25.2,7.48,1091.7,546,"{""no candidate"": 12}"
flightroom,A,L-C,13,16,0.812,0.249,0.717,0.0,0.769,0.333,0.896,22.6,0.76,1771.0,1959,"{""no candidate"": 2, ""wrong object"": 1}"
flightroom,A,L-CD,12,16,0.75,0.253,0.725,0.0,0.833,0.333,0.917,22.6,0.76,1771.0,2004,"{""no candidate"": 2, ""bad position"": 1, ""wrong object"": 1}"
flightroom,A,F-C,8,16,0.5,0.401,1.566,0.062,1.0,0.333,0.729,11.4,4.89,1927.8,1965,"{""no candidate"": 7, ""wrong object"": 1}"
flightroom,A,F-CD,4,16,0.25,0.639,5.941,0.125,1.0,0.0,0.802,25.2,7.69,2205.9,1968,"{""no candidate"": 10, ""wrong object"": 2}"
flightroom,B,L-C,11,16,0.688,0.258,0.719,0.0,0.727,0.0,0.979,4.3,2.03,658.7,533,"{""no candidate"": 4, ""bad position"": 1}"
flightroom,B,L-CD,7,16,0.438,0.297,0.905,0.0,0.714,0.0,1.0,4.3,2.03,658.7,582,"{""no candidate"": 8, ""bad position"": 1}"
flightroom,B,F-C,1,16,0.062,0.027,0.027,0.0,1.0,0.0,0.896,11.7,5.09,813.6,548,"{""no candidate"": 15}"
flightroom,B,F-CD,0,16,0.0,3.272,4.719,0.062,,0.0,0.812,25.4,7.48,1091.7,537,"{""no candidate"": 14, ""wrong object"": 1, ""bad position"": 1}"
flightroom,B2,L-C,12,16,0.75,0.201,0.731,0.062,0.667,0.333,0.938,16.8,0.76,1771.0,1944,"{""no candidate"": 2, ""bad position"": 1, ""wrong object"": 1}"
flightroom,B2,L-CD,11,16,0.688,0.209,0.743,0.0,0.636,0.0,0.938,16.8,0.76,1771.0,1982,"{""no candidate"": 3, ""bad position"": 1, ""wrong object"": 1}"
flightroom,B2,F-C,6,16,0.375,0.146,0.453,0.062,0.833,0.0,0.771,11.3,4.89,1927.8,1948,"{""no candidate"": 10}"
flightroom,B2,F-CD,3,16,0.188,0.359,0.624,0.0,1.0,0.0,0.667,25.2,7.71,2205.9,1958,"{""no candidate"": 13}"
flightroom,B2,L-Cflat,11,16,0.688,0.188,0.738,0.0,0.727,0.0,0.938,16.8,0.76,1771.0,530,"{""no candidate"": 3, ""bad position"": 1, ""wrong object"": 1}"
flightroom,B2,F-Cflat,4,16,0.25,0.154,0.566,0.0,1.0,0.0,0.667,11.3,4.89,1927.8,530,"{""no candidate"": 12}"
flightroom,C,L-C,10,16,0.625,0.284,0.646,0.0,0.9,0.0,0.958,5.4,2.39,844.0,800,"{""no candidate"": 5, ""bad position"": 1}"
flightroom,C,L-CD,9,16,0.562,0.237,0.667,0.0,0.889,0.0,0.958,5.4,2.39,844.0,854,"{""no candidate"": 6, ""bad position"": 1}"
flightroom,C,F-C,4,16,0.25,0.534,1.999,0.0,0.75,0.0,0.958,17.5,5.74,999.2,809,"{""no candidate"": 10, ""wrong object"": 2}"
flightroom,C,F-CD,1,16,0.062,0.483,0.792,0.0,1.0,0.0,0.917,34.3,7.78,1277.3,828,"{""no candidate"": 14, ""bad position"": 1}"
flightroom,C2,L-C,11,16,0.688,0.274,0.732,0.0,0.818,0.0,0.958,5.4,2.39,844.0,900,"{""no candidate"": 3, ""bad position"": 1, ""wrong object"": 1}"
flightroom,C2,L-CD,10,16,0.625,0.211,0.669,0.0,0.9,0.0,0.958,5.4,2.39,844.0,938,"{""no candidate"": 5, ""bad position"": 1}"
flightroom,C2,F-C,6,16,0.375,0.206,1.277,0.062,0.833,0.0,0.958,17.5,5.74,999.2,884,"{""no candidate"": 9, ""wrong object"": 1}"
flightroom,C2,F-CD,2,16,0.125,1.08,3.063,0.062,1.0,0.0,0.917,34.3,7.78,1277.3,944,"{""no candidate"": 12, ""wrong object"": 1, ""bad position"": 1}"
