scene,variant,hit_rate,error_median_m,error_p90_m,ambiguous_rate,feasible_rate,neg_fp_rate,neg_auroc,build_min,peak_vram_gb,table_mb,query_ms_median,n_pos,n_neg,failures
backroom,L-C,0.769,0.188,0.481,0.077,0.8,0.333,0.846,3.0,7.41,923.5,779,13,3,"{""no candidate"": 2, ""wrong object"": 1}"
backroom,L-CD,0.769,0.186,0.543,0.0,0.7,0.333,0.846,3.0,7.41,923.5,808,13,3,"{""no candidate"": 2, ""wrong object"": 1}"
backroom,F-C,0.538,0.264,1.056,0.0,0.714,0.333,0.795,13.9,5.8,966.6,729,13,3,"{""bad position"": 3, ""no candidate"": 2, ""wrong object"": 1}"
backroom,F-CD,0.538,0.197,1.348,0.0,0.714,0.333,0.795,31.4,7.77,1356.5,735,13,3,"{""no candidate"": 5, ""wrong object"": 1}"
backroom,L-C@ms,0.692,0.211,1.726,0.077,0.667,0.333,0.872,17.4,0.81,2483.2,2698,13,3,"{""bad position"": 1, ""no candidate"": 1, ""wrong object"": 2}"
backroom,L-CD@ms,0.769,0.249,1.707,0.0,0.7,0.333,0.872,17.4,0.81,2483.2,2780,13,3,"{""no candidate"": 1, ""wrong object"": 2}"
backroom,F-C@ms,0.538,0.259,2.956,0.077,0.857,0.333,0.846,13.6,5.25,2528.1,2698,13,3,"{""bad position"": 2, ""no candidate"": 2, ""wrong object"": 2}"
backroom,F-CD@ms,0.308,0.726,4.809,0.077,0.75,0.667,0.795,30.6,7.78,2918.0,2696,13,3,"{""bad position"": 1, ""no candidate"": 5, ""wrong object"": 3}"
backroom,L-C@sam,0.615,0.153,3.309,0.0,0.75,0.333,0.795,2.8,3.62,923.5,717,13,3,"{""no candidate"": 3, ""wrong object"": 2}"
backroom,L-CD@sam,0.615,0.16,3.826,0.077,0.75,0.333,0.782,2.8,3.62,923.5,783,13,3,"{""no candidate"": 3, ""wrong object"": 2}"
backroom,F-C@sam,0.615,0.263,5.365,0.077,0.75,0.0,0.872,14.0,5.42,966.6,717,13,3,"{""no candidate"": 3, ""wrong object"": 2}"
backroom,F-CD@sam,0.462,0.196,2.116,0.077,0.833,0.0,0.872,30.6,7.78,1356.5,712,13,3,"{""no candidate"": 5, ""bad position"": 1, ""wrong object"": 1}"
backroom,L-C@clipl,0.615,0.166,3.6,0.077,0.875,0.333,0.769,3.7,4.63,1183.4,1056,13,3,"{""no candidate"": 3, ""wrong object"": 2}"
backroom,L-CD@clipl,0.615,0.202,2.821,0.0,0.875,0.333,0.744,3.7,4.63,1183.4,1131,13,3,"{""no candidate"": 3, ""wrong object"": 2}"
backroom,F-C@clipl,0.308,0.123,1.342,0.0,0.75,0.0,0.795,21.7,5.99,1226.8,1068,13,3,"{""no candidate"": 8, ""wrong object"": 1}"
backroom,F-CD@clipl,0.231,0.632,4.1,0.0,0.667,0.333,0.744,43.2,7.78,1616.7,1075,13,3,"{""no candidate"": 7, ""bad position"": 1, ""wrong object"": 2}"
flightroom,L-C,0.625,0.217,0.746,0.062,0.8,0.333,0.896,4.4,2.41,658.7,537,16,3,"{""no candidate"": 4, ""bad position"": 1, ""wrong object"": 1}"
flightroom,L-CD,0.625,0.212,0.756,0.062,0.9,0.0,0.896,4.4,2.41,658.7,587,16,3,"{""no candidate"": 4, ""bad position"": 1, ""wrong object"": 1}"
flightroom,F-C,0.5,0.11,3.583,0.0,0.75,0.0,0.812,11.5,5.06,813.6,538,16,3,"{""no candidate"": 4, ""wrong object"": 4}"
flightroom,F-CD,0.25,0.184,0.561,0.0,1.0,0.0,0.958,25.2,7.48,1091.7,546,16,3,"{""no candidate"": 12}"
flightroom,L-C@ms,0.812,0.249,0.717,0.0,0.769,0.333,0.896,22.6,0.76,1771.0,1959,16,3,"{""no candidate"": 2, ""wrong object"": 1}"
flightroom,L-CD@ms,0.75,0.253,0.725,0.0,0.833,0.333,0.917,22.6,0.76,1771.0,2004,16,3,"{""no candidate"": 2, ""bad position"": 1, ""wrong object"": 1}"
flightroom,F-C@ms,0.5,0.401,1.566,0.062,1.0,0.333,0.729,11.4,4.89,1927.8,1965,16,3,"{""no candidate"": 7, ""wrong object"": 1}"
flightroom,F-CD@ms,0.25,0.639,5.941,0.125,1.0,0.0,0.802,25.2,7.69,2205.9,1968,16,3,"{""no candidate"": 10, ""wrong object"": 2}"
flightroom,L-C@sam,0.688,0.258,0.719,0.0,0.727,0.0,0.979,4.3,2.03,658.7,533,16,3,"{""no candidate"": 4, ""bad position"": 1}"
flightroom,L-CD@sam,0.438,0.297,0.905,0.0,0.714,0.0,1.0,4.3,2.03,658.7,582,16,3,"{""no candidate"": 8, ""bad position"": 1}"
flightroom,F-C@sam,0.062,0.027,0.027,0.0,1.0,0.0,0.896,11.7,5.09,813.6,548,16,3,"{""no candidate"": 15}"
flightroom,F-CD@sam,0.0,3.272,4.719,0.062,,0.0,0.812,25.4,7.48,1091.7,537,16,3,"{""no candidate"": 14, ""wrong object"": 1, ""bad position"": 1}"
flightroom,L-C@clipl,0.625,0.284,0.646,0.0,0.9,0.0,0.958,5.4,2.39,844.0,800,16,3,"{""no candidate"": 5, ""bad position"": 1}"
flightroom,L-CD@clipl,0.562,0.237,0.667,0.0,0.889,0.0,0.958,5.4,2.39,844.0,854,16,3,"{""no candidate"": 6, ""bad position"": 1}"
flightroom,F-C@clipl,0.25,0.534,1.999,0.0,0.75,0.0,0.958,17.5,5.74,999.2,809,16,3,"{""no candidate"": 10, ""wrong object"": 2}"
flightroom,F-CD@clipl,0.062,0.483,0.792,0.0,1.0,0.0,0.917,34.3,7.78,1277.3,828,16,3,"{""no candidate"": 14, ""bad position"": 1}"
